IfStochastic,0,
DomainSizeX,30,
DomainDimensionRatio,1,1,1,,,,,
Percolation_direction,2,,,,,,,
NumFractures,392,
Fracture_001, 0.0000000, 0.9999621,0.0087029,0.0000000,-14.0262172,0.0000000,70,0.46593181906530523051,0.00000193990041725978,
Fracture_002, 0.0000000,-0.9959682,0.0897069,0.0000000,-13.2771536,0.0000000,70,0.21791817142473926538,0.00000265719372041618,
Fracture_003, 0.0000000, 0.9986438,0.0520630,0.0000000,-12.6404494,0.0000000,70,0.27539955505417640369,0.00000407422197283348,
Fracture_004, 0.0000000,-0.9953446,0.0963800,0.0000000,-12.5280899,0.0000000,70,0.29927470616049217655,0.00000491492867828565,
Fracture_005, 0.0000000, 0.9878856,0.1551836,0.0000000,-12.4157303,0.0000000,70,0.32007476845036864077,0.00000382657050062451,
Fracture_006,-0.0000000, 0.9988727,0.0474689,0.0000000,-12.3408240,0.0000000,70,0.39841569230811335611,0.00000226738822398301,
Fracture_007, 0.0000000, 0.9876571,0.1566313,0.0000000,-12.1535581,0.0000000,70,0.26258586815173085016,0.00000119009012045287,
Fracture_008, 0.0000000, 0.9866623,0.1627808,0.0000000,-12.1161049,0.0000000,70,0.19420613274277376270,0.00000419835422722223,
Fracture_009, 0.0000000, 0.9982153,0.0597172,0.0000000,-11.6666667,0.0000000,70,0.37076813929333407582,0.00000330649638407241,
Fracture_010,-0.0000000,-0.9902805,0.1390848,0.0000000,-11.5917603,0.0000000,70,0.39424382953577219446,0.00000092276780904616,
Fracture_011, 0.0000000,-0.9901934,0.1397037,0.0000000,-11.3295880,0.0000000,70,0.13007315438383426631,0.00000245052239811300,
Fracture_012, 0.0000000, 0.9982129,0.0597586,0.0000000,-10.8052434,0.0000000,70,0.42546354832897936848,0.00000314394548185656,
Fracture_013, 0.0000000, 0.9969708,0.0777771,0.0000000,-10.3558052,0.0000000,70,0.31394928488635343022,0.00000022589867617869,
Fracture_014, 0.0000000,-0.9814724,0.1916036,0.0000000,-10.0561798,0.0000000,70,0.17877519721132692498,0.00000283061374530066,
Fracture_015,-0.0000000, 0.9997752,0.0212029,0.0000000, -9.9812734,0.0000000,70,0.16424859504576699853,0.00000064003765499675,
Fracture_016,-0.0000000, 0.9989992,0.0447284,0.0000000, -9.8314607,0.0000000,70,0.24196622874355175337,0.00000018188723502605,
Fracture_017, 0.0000000, 0.9999551,0.0094810,0.0000000, -9.7940075,0.0000000,70,0.47040476848771628493,0.00000218129316780737,
Fracture_018,-0.0000000,-0.9876759,0.1565133,0.0000000, -9.7565543,0.0000000,70,0.29095471606670697540,0.00000297481321054777,
Fracture_019, 0.0000000,-0.9861021,0.1661402,0.0000000, -9.6067416,0.0000000,70,0.49406376511665595075,0.00000432984361568026,
Fracture_020,-0.0000000, 0.9967686,0.0803270,0.0000000, -9.4569288,0.0000000,70,0.27423156830641548520,0.00000260271709114030,
Fracture_021,-0.0000000, 0.9800377,0.1988117,0.0000000, -9.1198502,0.0000000,70,0.10525200319263539050,0.00000499405093058331,
Fracture_022, 0.0000000,-0.9998975,0.0143165,0.0000000, -9.0823970,0.0000000,70,0.23343192565597400967,0.00000028954647614199,
Fracture_023,-0.0000000,-0.9541198,0.2994250,0.0000000, -8.9700375,0.0000000,70,0.20883752347075260070,0.00000324630699597167,
Fracture_024, 0.0000000, 0.9924823,0.1223885,0.0000000, -8.9325843,0.0000000,70,0.27141796253962480190,0.00000374972721794112,
Fracture_025, 0.0000000, 0.9753506,0.2206607,0.0000000, -8.7453184,0.0000000,70,0.37775439563531376663,0.00000488157781091299,
Fracture_026, 0.0000000, 0.9984586,0.0555013,0.0000000, -8.6704120,0.0000000,70,0.38411751236404290122,0.00000048103731931457,
Fracture_027, 0.0000000,-0.9637368,0.2668545,0.0000000, -8.6329588,0.0000000,70,0.11792668603098310776,0.00000147543240700994,
Fracture_028, 0.0000000,-0.9951486,0.0983831,0.0000000, -8.5955056,0.0000000,70,0.15637904479373171407,0.00000408988327046257,
Fracture_029,-0.0000000,-0.9278064,0.3730620,0.0000000, -8.5580524,0.0000000,70,0.39185287578065597369,0.00000462772709646897,
Fracture_030, 0.0000000, 0.9387990,0.3444654,0.0000000, -8.5205993,0.0000000,70,0.13518750491393116686,0.00000370615697606578,
Fracture_031,-0.0000000,-0.9606988,0.2775929,0.0000000, -8.4082397,0.0000000,70,0.42442316949822689320,0.00000284787503864593,
Fracture_032, 0.0000000,-0.9982684,0.0588231,0.0000000, -8.2209738,0.0000000,70,0.37530826102738579220,0.00000019775617269962,
Fracture_033, 0.0000000,-0.9998295,0.0184657,0.0000000, -8.1460674,0.0000000,70,0.11364308383059361363,0.00000401025006205930,
Fracture_034, 0.0000000, 0.9980399,0.0625807,0.0000000, -8.1086142,0.0000000,70,0.26709518586520020200,0.00000226451519123798,
Fracture_035,-0.0000000,-0.9721645,0.2342993,0.0000000, -8.0711610,0.0000000,70,0.41646327548065009694,0.00000466445014748414,
Fracture_036, 0.0000000,-0.9982131,0.0597549,0.0000000, -7.9962547,0.0000000,70,0.22695379977941054772,0.00000403771025479997,
Fracture_037, 0.0000000,-0.9629799,0.2695731,0.0000000, -7.9588015,0.0000000,70,0.13263790920794324424,0.00000473202847656790,
Fracture_038, 0.0000000,-0.9556220,0.2945958,0.0000000, -7.9213483,0.0000000,70,0.18756394769663908839,0.00000393993100967582,
Fracture_039, 0.0000000, 0.9995023,0.0315455,0.0000000, -7.8838951,0.0000000,70,0.15842499371697937871,0.00000431622561535834,
Fracture_040, 0.0000000,-0.9991679,0.0407852,0.0000000, -7.7715356,0.0000000,70,0.39499810353889674985,0.00000487622927587474,
Fracture_041,-0.0000000, 0.9347317,0.3553542,0.0000000, -7.6966292,0.0000000,70,0.37737513670500477669,0.00000209653186989715,
Fracture_042, 0.0000000, 0.9451597,0.3266086,0.0000000, -7.6217228,0.0000000,70,0.40886945278388464597,0.00000008659130401655,
Fracture_043, 0.0000000, 0.9999193,0.0127039,0.0000000, -7.5468165,0.0000000,70,0.44436614410929664576,0.00000101450699357320,
Fracture_044, 0.0000000, 0.9904042,0.1382007,0.0000000, -7.5093633,0.0000000,70,0.21369374571152166542,0.00000453664112579011,
Fracture_045, 0.0000000,-0.9817420,0.1902175,0.0000000, -7.4719101,0.0000000,70,0.33315041939422107564,0.00000103782518351112,
Fracture_046, 0.0000000, 0.9079771,0.4190199,0.0000000, -7.4344569,0.0000000,70,0.21363441698322774287,0.00000306259548329592,
Fracture_047,-0.0000000,-0.9583393,0.2856322,0.0000000, -7.3220974,0.0000000,70,0.29530599182869432529,0.00000429419847639002,
Fracture_048, 0.0000000,-0.9999372,0.0112062,0.0000000, -7.2846442,0.0000000,70,0.11840343823638188603,0.00000109748150780480,
Fracture_049,-0.0000000,-0.9395341,0.3424553,0.0000000, -7.2097378,0.0000000,70,0.34927608472811400020,0.00000026418434984342,
Fracture_050,-0.0000000,-0.9904154,0.1381205,0.0000000, -7.1348315,0.0000000,70,0.46354068301225881399,0.00000283593631626377,
Fracture_051,-0.0000000,-0.9858459,0.1676538,0.0000000, -7.0973783,0.0000000,70,0.39168113524013237203,0.00000385301243152924,
Fracture_052, 0.0000000,-0.9410389,0.3382985,0.0000000, -7.0224719,0.0000000,70,0.40019780483477596089,0.00000380831854459737,
Fracture_053,-0.0000000,-0.9802207,0.1979075,0.0000000, -6.9475655,0.0000000,70,0.46550869440156239509,0.00000157931984315271,
Fracture_054, 0.0000000,-0.9669903,0.2548133,0.0000000, -6.9101124,0.0000000,70,0.22605571780112729274,0.00000163586613013192,
Fracture_055, 0.0000000,-0.9592595,0.2825264,0.0000000, -6.8726592,0.0000000,70,0.41445157958764744510,0.00000341052959555520,
Fracture_056, 0.0000000,-0.9177790,0.3970915,0.0000000, -6.6853933,0.0000000,70,0.24855882999627457175,0.00000127508345844670,
Fracture_057,-0.0000000, 0.8829693,0.4694308,0.0000000, -6.4981273,0.0000000,70,0.31428993223190193618,0.00000405081004628312,
Fracture_058, 0.0000000,-0.9013850,0.4330186,0.0000000, -6.3483146,0.0000000,70,0.29910045500507209670,0.00000331076595351345,
Fracture_059, 0.0000000, 0.9873685,0.1584409,0.0000000, -6.3108614,0.0000000,70,0.25151568853620998034,0.00000306819653671775,
Fracture_060, 0.0000000,-0.9801700,0.1981584,0.0000000, -6.2734082,0.0000000,70,0.43973117040711862114,0.00000278111158776414,
Fracture_061,-0.0000000,-0.8687025,0.4953342,0.0000000, -6.1985019,0.0000000,70,0.20407771029212065650,0.00000204964797787918,
Fracture_062,-0.0000000,-0.9670489,0.2545907,0.0000000, -6.1610487,0.0000000,70,0.16102135497674355258,0.00000254943583791088,
Fracture_063,-0.0000000, 0.9891380,0.1469901,0.0000000, -6.0486891,0.0000000,70,0.30200463694484414034,0.00000050667262472264,
Fracture_064,-0.0000000,-0.8581890,0.5133339,0.0000000, -6.0112360,0.0000000,70,0.42111261613536921100,0.00000468942345396755,
Fracture_065, 0.0000000, 0.9503029,0.3113267,0.0000000, -5.9363296,0.0000000,70,0.11105699895767502661,0.00000402609087092393,
Fracture_066, 0.0000000,-0.9268068,0.3755384,0.0000000, -5.8614232,0.0000000,70,0.27278930107449739229,0.00000025390939829162,
Fracture_067, 0.0000000,-0.9842253,0.1769199,0.0000000, -5.8239700,0.0000000,70,0.19388015275941070104,0.00000022019397047354,
Fracture_068, 0.0000000, 0.9545063,0.2981906,0.0000000, -5.7865169,0.0000000,70,0.41999121643140224780,0.00000207098447548596,
Fracture_069,-0.0000000, 0.9746023,0.2239427,0.0000000, -5.7116105,0.0000000,70,0.40141535355167390353,0.00000262725581028161,
Fracture_070, 0.0000000, 0.9902931,0.1389952,0.0000000, -5.6741573,0.0000000,70,0.47773348935242709867,0.00000316201765792496,
Fracture_071, 0.0000000, 0.9986803,0.0513582,0.0000000, -5.6367041,0.0000000,70,0.40154662312569822102,0.00000137812218418254,
Fracture_072, 0.0000000, 0.9956320,0.0933648,0.0000000, -5.5992509,0.0000000,70,0.42201595226218313606,0.00000302623505302409,
Fracture_073, 0.0000000,-0.9999994,0.0010946,0.0000000, -5.5617978,0.0000000,70,0.14716353171744822603,0.00000412301970202111,
Fracture_074, 0.0000000, 0.9103938,0.4137428,0.0000000, -5.4868914,0.0000000,70,0.38703090672047113507,0.00000405000722647509,
Fracture_075, 0.0000000, 0.8650497,0.5016862,0.0000000, -5.4119850,0.0000000,70,0.12141666419862140458,0.00000314364001172756,
Fracture_076, 0.0000000,-0.9914499,0.1304879,0.0000000, -5.3745318,0.0000000,70,0.47595836592926721309,0.00000200028720752464,
Fracture_077,-0.0000000,-0.9122850,0.4095559,0.0000000, -5.3370787,0.0000000,70,0.17703335943581227641,0.00000223027299785748,
Fracture_078, 0.0000000, 0.8603126,0.5097668,0.0000000, -5.2996255,0.0000000,70,0.24643056134442262173,0.00000137753829075087,
Fracture_079,-0.0000000, 0.9712467,0.2380753,0.0000000, -5.1872659,0.0000000,70,0.30579887459944732342,0.00000441244154911820,
Fracture_080,-0.0000000, 0.8940818,0.4479038,0.0000000, -5.1498127,0.0000000,70,0.44846338339005276108,0.00000128659587541818,
Fracture_081, 0.0000000, 0.9184887,0.3954472,0.0000000, -5.0749064,0.0000000,70,0.11345183703789568641,0.00000162801799798969,
Fracture_082, 0.0000000, 0.9866966,0.1625726,0.0000000, -5.0374532,0.0000000,70,0.30094903914973747394,0.00000062044757656261,
Fracture_083, 0.0000000,-0.9310774,0.3648217,0.0000000, -5.0000000,0.0000000,70,0.19862241599832072825,0.00000009241650251937,
Fracture_084, 0.0000000,-0.8395951,0.5432128,0.0000000, -4.8501873,0.0000000,70,0.40918209428466656430,0.00000084301661893694,
Fracture_085, 0.0000000, 0.8383434,0.5451425,0.0000000, -4.8127341,0.0000000,70,0.35949093970803436271,0.00000104883696676709,
Fracture_086, 0.0000000,-0.9492778,0.3144386,0.0000000, -4.7752809,0.0000000,70,0.15118167688036310281,0.00000415533547227032,
Fracture_087, 0.0000000,-0.8546978,0.5191258,0.0000000, -4.7378277,0.0000000,70,0.21128578138103693007,0.00000262926825697691,
Fracture_088, 0.0000000, 0.8634141,0.5044958,0.0000000, -4.6629213,0.0000000,70,0.46216131430690621240,0.00000083692579449933,
Fracture_089, 0.0000000, 0.9648606,0.2627623,0.0000000, -4.5880150,0.0000000,70,0.47153403266488469470,0.00000345185909425393,
Fracture_090,-0.0000000,-0.9012747,0.4332481,0.0000000, -4.5505618,0.0000000,70,0.30991651746186588134,0.00000105422335302983,
Fracture_091, 0.0000000,-0.9993907,0.0349024,0.0000000, -4.5131086,0.0000000,70,0.11057915262154863201,0.00000307151226660076,
Fracture_092, 0.0000000, 0.9989127,0.0466189,0.0000000, -4.4756554,0.0000000,70,0.18433962576300733094,0.00000292854576223293,
Fracture_093, 0.0000000, 0.9678618,0.2514826,0.0000000, -4.4382022,0.0000000,70,0.28526981216513691564,0.00000024018709289478,
Fracture_094,-0.0000000,-0.8568166,0.5156212,0.0000000, -4.3632959,0.0000000,70,0.42818497382007414398,0.00000214369853607560,
Fracture_095, 0.0000000, 0.9743559,0.2250125,0.0000000, -4.3258427,0.0000000,70,0.23275863105531402475,0.00000426407322798300,
Fracture_096,-0.0000000, 0.9701017,0.2426988,0.0000000, -4.2883895,0.0000000,70,0.42173202662766651194,0.00000211049528990035,
Fracture_097, 0.0000000, 0.8808620,0.4733732,0.0000000, -4.2134831,0.0000000,70,0.18451602404129419099,0.00000117582340569957,
Fracture_098, 0.0000000, 0.9620074,0.2730232,0.0000000, -4.1385768,0.0000000,70,0.40716643798426566114,0.00000325899231281275,
Fracture_099, 0.0000000,-0.9967544,0.0805031,0.0000000, -4.0636704,0.0000000,70,0.14468613977559449668,0.00000035372149081052,
Fracture_100,-0.0000000,-0.8732702,0.4872363,0.0000000, -4.0262172,0.0000000,70,0.29222612017568905252,0.00000074165115994568,
Fracture_101, 0.0000000,-0.9242900,0.3816910,0.0000000, -3.9513109,0.0000000,70,0.31777917463555771516,0.00000007039134351302,
Fracture_102, 0.0000000,-0.9878261,0.1555622,0.0000000, -3.9138577,0.0000000,70,0.29039437119059408055,0.00000216916909668857,
Fracture_103, 0.0000000,-0.8329444,0.5533567,0.0000000, -3.8764045,0.0000000,70,0.15026013048153702423,0.00000425881444265064,
Fracture_104, 0.0000000, 0.9997651,0.0216734,0.0000000, -3.8014981,0.0000000,70,0.13048976262031600215,0.00000293047877476811,
Fracture_105, 0.0000000,-0.8560918,0.5168238,0.0000000, -3.7640449,0.0000000,70,0.43282987204895784217,0.00000297910041170654,
Fracture_106, 0.0000000,-0.9905724,0.1369903,0.0000000, -3.7265918,0.0000000,70,0.39229217201247956748,0.00000336217639237552,
Fracture_107,-0.0000000,-0.8094194,0.5872310,0.0000000, -3.6516854,0.0000000,70,0.29212776690680608560,0.00000438449925332375,
Fracture_108,-0.0000000,-0.8195623,0.5729901,0.0000000, -3.6142322,0.0000000,70,0.12676372122931367503,0.00000032701476416240,
Fracture_109, 0.0000000, 0.9603574,0.2787718,0.0000000, -3.5767790,0.0000000,70,0.32110054234647866789,0.00000104321910803817,
Fracture_110, 0.0000000, 0.9997392,0.0228391,0.0000000, -3.5393258,0.0000000,70,0.29683127022379285354,0.00000229150667617888,
Fracture_111, 0.0000000,-0.9832673,0.1821685,0.0000000, -3.5018727,0.0000000,70,0.49866486265617548934,0.00000099030359635981,
Fracture_112,-0.0000000, 0.7952728,0.6062518,0.0000000, -3.4644195,0.0000000,70,0.25748377183311255134,0.00000330261354307807,
Fracture_113, 0.0000000, 0.8304576,0.5570818,0.0000000, -3.3895131,0.0000000,70,0.38015050910988912314,0.00000195043904086370,
Fracture_114,-0.0000000,-0.9869942,0.1607556,0.0000000, -3.3520599,0.0000000,70,0.24281900478724291470,0.00000281574515924855,
Fracture_115, 0.0000000, 0.9136244,0.4065592,0.0000000, -3.3146067,0.0000000,70,0.49834072934051187875,0.00000269413034725218,
Fracture_116, 0.0000000,-0.9998862,0.0150830,0.0000000, -3.2771536,0.0000000,70,0.19381910182578471202,0.00000308908312731543,
Fracture_117, 0.0000000,-0.8714636,0.4904602,0.0000000, -3.2397004,0.0000000,70,0.13770787106592674576,0.00000088965057875378,
Fracture_118, 0.0000000,-0.9926100,0.1213486,0.0000000, -3.1273408,0.0000000,70,0.40569801440846819940,0.00000163980799609974,
Fracture_119, 0.0000000, 0.9077184,0.4195799,0.0000000, -3.0898876,0.0000000,70,0.44225402863114082752,0.00000012109029328506,
Fracture_120, 0.0000000,-0.9957913,0.0916497,0.0000000, -3.0149813,0.0000000,70,0.25740661391888142173,0.00000472219883224074,
Fracture_121,-0.0000000,-0.7915330,0.6111264,0.0000000, -2.9775281,0.0000000,70,0.18032787408833017562,0.00000338500170729502,
Fracture_122, 0.0000000, 0.8055442,0.5925357,0.0000000, -2.9400749,0.0000000,70,0.19492307903355593490,0.00000152685455077383,
Fracture_123, 0.0000000, 0.9856993,0.1685139,0.0000000, -2.9026217,0.0000000,70,0.10072649941271093199,0.00000148913920982976,
Fracture_124, 0.0000000,-0.9518553,0.3065476,0.0000000, -2.8651685,0.0000000,70,0.27919169171862057155,0.00000035856500531694,
Fracture_125,-0.0000000, 0.8348590,0.5504639,0.0000000, -2.7902622,0.0000000,70,0.13359236238085975268,0.00000376398497692239,
Fracture_126, 0.0000000, 0.8937523,0.4485608,0.0000000, -2.6779026,0.0000000,70,0.46681993824557310724,0.00000265823017523402,
Fracture_127, 0.0000000,-0.8946265,0.4468148,0.0000000, -2.6404494,0.0000000,70,0.27567719913687394051,0.00000154304217054292,
Fracture_128,-0.0000000, 0.8039978,0.5946323,0.0000000, -2.5655431,0.0000000,70,0.25110327420904982043,0.00000203449561184301,
Fracture_129, 0.0000000, 0.9952408,0.0974464,0.0000000, -2.4906367,0.0000000,70,0.37487862021063766971,0.00000226924279175907,
Fracture_130,-0.0000000, 0.7766394,0.6299454,0.0000000, -2.4531835,0.0000000,70,0.36140519067160226108,0.00000451885493695737,
Fracture_131, 0.0000000, 0.8962381,0.4435732,0.0000000, -2.4157303,0.0000000,70,0.20596519149792014147,0.00000134363170721696,
Fracture_132,-0.0000000, 0.7733583,0.6339691,0.0000000, -2.3782772,0.0000000,70,0.32712022966981685324,0.00000159811111451782,
Fracture_133, 0.0000000, 0.9788883,0.2043960,0.0000000, -2.3408240,0.0000000,70,0.36615583478688851216,0.00000324189048403425,
Fracture_134, 0.0000000,-0.9715508,0.2368312,0.0000000, -2.3033708,0.0000000,70,0.39568550765325027907,0.00000394769547614999,
Fracture_135,-0.0000000, 0.8524898,0.5227439,0.0000000, -2.2659176,0.0000000,70,0.11037524622180372447,0.00000442848366457860,
Fracture_136, 0.0000000, 0.9652687,0.2612591,0.0000000, -2.2284644,0.0000000,70,0.28592253917908250216,0.00000018090877566836,
Fracture_137,-0.0000000, 0.9156488,0.4019792,0.0000000, -2.1910112,0.0000000,70,0.15335601130374182377,0.00000351185956340593,
Fracture_138, 0.0000000, 0.8642846,0.5030031,0.0000000, -2.1535581,0.0000000,70,0.39964826041646228649,0.00000358213988293723,
Fracture_139,-0.0000000, 0.9844968,0.1754026,0.0000000, -2.0411985,0.0000000,70,0.40328365326682891201,0.00000053737053649107,
Fracture_140,-0.0000000, 0.9426564,0.3337646,0.0000000, -2.0037453,0.0000000,70,0.19890862898679576021,0.00000117364752314873,
Fracture_141, 0.0000000, 0.8179050,0.5753534,0.0000000, -1.9288390,0.0000000,70,0.48519787063136421423,0.00000278412838361697,
Fracture_142,-0.0000000, 0.7639316,0.6452973,0.0000000, -1.8539326,0.0000000,70,0.19911271196521257432,0.00000180369094183133,
Fracture_143,-0.0000000, 0.8248210,0.5653940,0.0000000, -1.8164794,0.0000000,70,0.45355753254891373327,0.00000253398614026167,
Fracture_144, 0.0000000,-0.9259861,0.3775575,0.0000000, -1.7790262,0.0000000,70,0.28921503317956764878,0.00000052859982207304,
Fracture_145,-0.0000000,-0.8107439,0.5854010,0.0000000, -1.7415730,0.0000000,70,0.24324078884584438009,0.00000172975284336558,
Fracture_146,-0.0000000,-0.8292531,0.5588732,0.0000000, -1.7041199,0.0000000,70,0.12812749209512666604,0.00000301694416683468,
Fracture_147,-0.0000000, 0.9777935,0.2095709,0.0000000, -1.6666667,0.0000000,70,0.24171029100061491857,0.00000336117380520441,
Fracture_148, 0.0000000,-0.7484654,0.6631738,0.0000000, -1.6292135,0.0000000,70,0.33758801879752697861,0.00000224835271163480,
Fracture_149,-0.0000000, 0.7845496,0.6200661,0.0000000, -1.5917603,0.0000000,70,0.24155408176585321800,0.00000276788367973201,
Fracture_150, 0.0000000,-0.7739458,0.6332519,0.0000000, -1.5543071,0.0000000,70,0.36027325087291250938,0.00000241917859413869,
Fracture_151,-0.0000000,-0.8695284,0.4938829,0.0000000, -1.5168539,0.0000000,70,0.31814041203411658199,0.00000009896309049942,
Fracture_152, 0.0000000,-0.9466904,0.3221449,0.0000000, -1.4794007,0.0000000,70,0.18936481399947757698,0.00000130494950571287,
Fracture_153,-0.0000000, 0.8256711,0.5641518,0.0000000, -1.4419476,0.0000000,70,0.19535367125418312551,0.00000155862831239145,
Fracture_154,-0.0000000, 0.7570005,0.6534143,0.0000000, -1.4044944,0.0000000,70,0.22784592252215657426,0.00000460869414050992,
Fracture_155, 0.0000000, 0.9896468,0.1435242,0.0000000, -1.3295880,0.0000000,70,0.34172653894964466481,0.00000137735081101250,
Fracture_156,-0.0000000,-0.7747434,0.6322758,0.0000000, -1.2921348,0.0000000,70,0.33482559861309946214,0.00000375916254244995,
Fracture_157, 0.0000000, 0.9705736,0.2408046,0.0000000, -1.2546816,0.0000000,70,0.28246791904838897125,0.00000331654106156264,
Fracture_158,-0.0000000,-0.9931915,0.1164928,0.0000000, -1.2172285,0.0000000,70,0.20665679897885633198,0.00000238701171929959,
Fracture_159,-0.0000000, 0.7835840,0.6212859,0.0000000, -1.1797753,0.0000000,70,0.20796080269657446493,0.00000169204388968948,
Fracture_160, 0.0000000, 0.9014227,0.4329402,0.0000000, -1.1423221,0.0000000,70,0.49718006447955009897,0.00000016372092656441,
Fracture_161, 0.0000000, 0.9129242,0.4081291,0.0000000, -1.0674157,0.0000000,70,0.35834935677300117085,0.00000293687675069484,
Fracture_162, 0.0000000, 0.8318258,0.5550367,0.0000000, -1.0299625,0.0000000,70,0.29207255860007375059,0.00000027419527428982,
Fracture_163, 0.0000000,-0.8382070,0.5453522,0.0000000, -0.9925094,0.0000000,70,0.35144305825777988339,0.00000116034448147361,
Fracture_164, 0.0000000, 0.9363817,0.3509834,0.0000000, -0.9550562,0.0000000,70,0.43956435805667881667,0.00000244757295998759,
Fracture_165,-0.0000000,-0.8943900,0.4472880,0.0000000, -0.9176030,0.0000000,70,0.19730217350765319462,0.00000401826251069460,
Fracture_166, 0.0000000, 0.7368946,0.6760077,0.0000000, -0.8801498,0.0000000,70,0.15552591298809095854,0.00000060557434194040,
Fracture_167, 0.0000000,-0.9696744,0.2444005,0.0000000, -0.8426966,0.0000000,70,0.21460548376791135916,0.00000314816646045517,
Fracture_168,-0.0000000, 0.9999289,0.0119216,0.0000000, -0.8052434,0.0000000,70,0.35111028822696266349,0.00000276624568957946,
Fracture_169, 0.0000000, 0.9632175,0.2687231,0.0000000, -0.7677903,0.0000000,70,0.18125586279090613595,0.00000441321701760056,
Fracture_170, 0.0000000,-0.8877094,0.4604041,0.0000000, -0.7303371,0.0000000,70,0.36299346688584932519,0.00000495156572499736,
Fracture_171, 0.0000000,-0.8536527,0.5208427,0.0000000, -0.6928839,0.0000000,70,0.26284075423158387297,0.00000017314931811539,
Fracture_172,-0.0000000,-0.7478628,0.6638533,0.0000000, -0.6554307,0.0000000,70,0.43869740810539759046,0.00000210065695503350,
Fracture_173,-0.0000000,-0.9979987,0.0632346,0.0000000, -0.6179775,0.0000000,70,0.40599217004611998227,0.00000188893602578463,
Fracture_174, 0.0000000,-0.8509898,0.5251823,0.0000000, -0.5805243,0.0000000,70,0.49528051610752643619,0.00000189962157250167,
Fracture_175, 0.0000000,-0.7376669,0.6751648,0.0000000, -0.5430712,0.0000000,70,0.43805699425447908180,0.00000290091993026631,
Fracture_176,-0.0000000,-0.9145674,0.4044336,0.0000000, -0.5056180,0.0000000,70,0.46413479363253518084,0.00000290051386867929,
Fracture_177, 0.0000000, 0.9058369,0.4236267,0.0000000, -0.4681648,0.0000000,70,0.29309226716189940021,0.00000493447567858102,
Fracture_178,-0.0000000, 0.8780590,0.4785524,0.0000000, -0.4307116,0.0000000,70,0.29051922122461615317,0.00000380655407953222,
Fracture_179, 0.0000000, 0.8963720,0.4433027,0.0000000, -0.3932584,0.0000000,70,0.24500761636339457583,0.00000142976383073751,
Fracture_180, 0.0000000, 0.7660181,0.6428190,0.0000000, -0.3558052,0.0000000,70,0.46575021519159998107,0.00000123767351821566,
Fracture_181, 0.0000000,-0.9503308,0.3112417,0.0000000, -0.3183521,0.0000000,70,0.12400263973521084837,0.00000486759921881232,
Fracture_182, 0.0000000,-0.7944339,0.6073507,0.0000000, -0.2808989,0.0000000,70,0.49712629014358034052,0.00000013690981532260,
Fracture_183,-0.0000000,-0.8176818,0.5756704,0.0000000, -0.2434457,0.0000000,70,0.25292009402463322409,0.00000223690917583914,
Fracture_184, 0.0000000, 0.9635300,0.2676004,0.0000000, -0.2059925,0.0000000,70,0.25274852826925087168,0.00000343286193740208,
Fracture_185, 0.0000000, 0.7162328,0.6978614,0.0000000, -0.1685393,0.0000000,70,0.34620720423111317476,0.00000222595258347642,
Fracture_186, 0.0000000, 0.8879300,0.4599786,0.0000000, -0.1310861,0.0000000,70,0.21986632891407784096,0.00000345723354707293,
Fracture_187,-0.0000000,-0.9392635,0.3431968,0.0000000, -0.0936330,0.0000000,70,0.35486031129270956264,0.00000074288744315803,
Fracture_188,-0.0000000, 0.7206651,0.6932833,0.0000000, -0.0561798,0.0000000,70,0.43705638644859157171,0.00000156090482371785,
Fracture_189, 0.0000000,-0.7408908,0.6716255,0.0000000, -0.0187266,0.0000000,70,0.46737071086288939359,0.00000062937387335553,
Fracture_190, 0.0000000, 0.9999530,0.0096987,0.0000000,  0.0187266,0.0000000,70,0.25963952858471950336,0.00000329244148759281,
Fracture_191,-0.0000000,-0.9956293,0.0933929,0.0000000,  0.0561798,0.0000000,70,0.25636471066803939722,0.00000427726949440661,
Fracture_192, 0.0000000, 0.7213354,0.6925859,0.0000000,  0.0936330,0.0000000,70,0.14303265717662494438,0.00000283967585824039,
Fracture_193,-0.0000000,-0.9952141,0.0977190,0.0000000,  0.1310861,0.0000000,70,0.28627561758546604676,0.00000407673616921217,
Fracture_194,-0.0000000,-0.9933586,0.1150598,0.0000000,  0.1685393,0.0000000,70,0.34248340499175961016,0.00000160634142264782,
Fracture_195,-0.0000000, 0.7735305,0.6337590,0.0000000,  0.2059925,0.0000000,70,0.29077420539098497443,0.00000272209671569308,
Fracture_196,-0.0000000, 0.9995002,0.0316123,0.0000000,  0.2434457,0.0000000,70,0.45671738474580947376,0.00000476170711273778,
Fracture_197, 0.0000000,-0.9821683,0.1880036,0.0000000,  0.2808989,0.0000000,70,0.26098804650287144025,0.00000475407393391253,
Fracture_198, 0.0000000, 0.8956729,0.4447135,0.0000000,  0.3183521,0.0000000,70,0.15239527649945380783,0.00000023172362480889,
Fracture_199, 0.0000000,-0.7955605,0.6058741,0.0000000,  0.3558052,0.0000000,70,0.19446885589313045450,0.00000363941020077710,
Fracture_200, 0.0000000, 0.7247203,0.6890432,0.0000000,  0.3932584,0.0000000,70,0.35566307992302215180,0.00000130278846495539,
Fracture_201,-0.0000000,-0.8309915,0.5562851,0.0000000,  0.4307116,0.0000000,70,0.10025699419072885143,0.00000470648196667527,
Fracture_202, 0.0000000,-0.7324783,0.6807904,0.0000000,  0.4681648,0.0000000,70,0.10292433893150146340,0.00000312258192552024,
Fracture_203, 0.0000000,-0.8189496,0.5738655,0.0000000,  0.5056180,0.0000000,70,0.49945932996040387497,0.00000205278052940374,
Fracture_204, 0.0000000, 0.7610292,0.6487176,0.0000000,  0.5430712,0.0000000,70,0.39601511144721202040,0.00000156000404453019,
Fracture_205,-0.0000000, 0.9927294,0.1203673,0.0000000,  0.5805243,0.0000000,70,0.44045470433380273789,0.00000229870549623432,
Fracture_206, 0.0000000,-0.7673968,0.6411724,0.0000000,  0.6179775,0.0000000,70,0.22051938342116450542,0.00000366069137855222,
Fracture_207, 0.0000000,-0.9038251,0.4279021,0.0000000,  0.6554307,0.0000000,70,0.16356489393709006119,0.00000421473954329427,
Fracture_208, 0.0000000,-0.7293492,0.6841416,0.0000000,  0.6928839,0.0000000,70,0.31917470415476056900,0.00000077630817115055,
Fracture_209, 0.0000000,-0.9994317,0.0337075,0.0000000,  0.7303371,0.0000000,70,0.27155468229784285317,0.00000312991391995364,
Fracture_210, 0.0000000, 0.9997033,0.0243595,0.0000000,  0.7677903,0.0000000,70,0.15981870086076563342,0.00000302446427144907,
Fracture_211,-0.0000000, 0.7798432,0.6259749,0.0000000,  0.8052434,0.0000000,70,0.22746263493549614965,0.00000449486214875222,
Fracture_212, 0.0000000,-0.8789902,0.4768399,0.0000000,  0.8426966,0.0000000,70,0.41327114661074992874,0.00000390414269064894,
Fracture_213, 0.0000000, 0.8854478,0.4647388,0.0000000,  0.8801498,0.0000000,70,0.40146271667808575145,0.00000003386830454371,
Fracture_214, 0.0000000, 0.9944981,0.1047546,0.0000000,  0.9176030,0.0000000,70,0.27939099195019634347,0.00000404247764162568,
Fracture_215, 0.0000000,-0.9960251,0.0890728,0.0000000,  0.9550562,0.0000000,70,0.33084799609979076429,0.00000043549251996406,
Fracture_216, 0.0000000, 0.9720914,0.2346026,0.0000000,  0.9925094,0.0000000,70,0.47624264395840365527,0.00000478976371028758,
Fracture_217, 0.0000000,-0.8997131,0.4364818,0.0000000,  1.0299625,0.0000000,70,0.20775536901553259828,0.00000005540918637975,
Fracture_218, 0.0000000,-0.9555152,0.2949417,0.0000000,  1.0674157,0.0000000,70,0.26840183244728266221,0.00000113676363351327,
Fracture_219,-0.0000000,-0.9955324,0.0944210,0.0000000,  1.1048689,0.0000000,70,0.31908529919719175183,0.00000271211166440843,
Fracture_220, 0.0000000, 0.9362804,0.3512534,0.0000000,  1.1423221,0.0000000,70,0.14638446676283770054,0.00000323663201076428,
Fracture_221, 0.0000000,-0.8039435,0.5947057,0.0000000,  1.1797753,0.0000000,70,0.49397924339819276884,0.00000096138246137491,
Fracture_222, 0.0000000, 0.9536181,0.3010190,0.0000000,  1.2172285,0.0000000,70,0.25629420302898875406,0.00000313468799404294,
Fracture_223,-0.0000000, 0.9596435,0.2812193,0.0000000,  1.2546816,0.0000000,70,0.30177035250685496637,0.00000268891386759895,
Fracture_224, 0.0000000, 0.8308809,0.5564503,0.0000000,  1.2921348,0.0000000,70,0.42144227719912819019,0.00000474448101275629,
Fracture_225, 0.0000000, 0.9148406,0.4038152,0.0000000,  1.3295880,0.0000000,70,0.48568044218906258891,0.00000109939595788034,
Fracture_226,-0.0000000,-0.7512297,0.6600409,0.0000000,  1.3670412,0.0000000,70,0.32766034678738981123,0.00000183552170246268,
Fracture_227,-0.0000000,-0.9695972,0.2447065,0.0000000,  1.4419476,0.0000000,70,0.14458862224969101784,0.00000195550766757619,
Fracture_228,-0.0000000,-0.8321990,0.5544770,0.0000000,  1.4794007,0.0000000,70,0.39238989573991378546,0.00000082333501729506,
Fracture_229,-0.0000000, 0.9097578,0.4151393,0.0000000,  1.5168539,0.0000000,70,0.43226581825605381315,0.00000233667108207951,
Fracture_230,-0.0000000,-0.9999833,0.0057749,0.0000000,  1.5543071,0.0000000,70,0.46947033345180477770,0.00000213778603382783,
Fracture_231,-0.0000000, 0.7493104,0.6622189,0.0000000,  1.5917603,0.0000000,70,0.28006987509365754985,0.00000264853079833137,
Fracture_232,-0.0000000,-0.9306428,0.3659289,0.0000000,  1.6292135,0.0000000,70,0.43524282295149263611,0.00000260255366214416,
Fracture_233, 0.0000000, 0.9989814,0.0451232,0.0000000,  1.6666667,0.0000000,70,0.35886702001278769636,0.00000172518029335644,
Fracture_234, 0.0000000, 0.9905299,0.1372974,0.0000000,  1.7041199,0.0000000,70,0.23988171376338854324,0.00000179660812080800,
Fracture_235, 0.0000000, 0.8369761,0.5472394,0.0000000,  1.7415730,0.0000000,70,0.44198322453868188475,0.00000331306569477664,
Fracture_236, 0.0000000, 0.8998293,0.4362423,0.0000000,  1.7790262,0.0000000,70,0.37494169215715678067,0.00000483528904533559,
Fracture_237,-0.0000000,-0.9215491,0.3882619,0.0000000,  1.8164794,0.0000000,70,0.45932365016976317573,0.00000206670353811125,
Fracture_238,-0.0000000,-0.9501390,0.3118268,0.0000000,  1.8539326,0.0000000,70,0.14383118984019840902,0.00000438874105614903,
Fracture_239, 0.0000000, 0.9658780,0.2589973,0.0000000,  1.9288390,0.0000000,70,0.37874341187331095337,0.00000126090043265366,
Fracture_240, 0.0000000, 0.8340657,0.5516651,0.0000000,  1.9662921,0.0000000,70,0.18238701226422937562,0.00000491638454133115,
Fracture_241, 0.0000000, 0.9414437,0.3371703,0.0000000,  2.0037453,0.0000000,70,0.41288517000249591593,0.00000326070071466501,
Fracture_242,-0.0000000, 0.9860358,0.1665334,0.0000000,  2.0411985,0.0000000,70,0.31982006886902103471,0.00000107948887453653,
Fracture_243, 0.0000000,-0.7972744,0.6036171,0.0000000,  2.1161049,0.0000000,70,0.17612980677947942532,0.00000108096359811708,
Fracture_244, 0.0000000, 0.8012913,0.5982743,0.0000000,  2.1535581,0.0000000,70,0.14386726282341891214,0.00000059207539365982,
Fracture_245, 0.0000000,-0.9655193,0.2603314,0.0000000,  2.1910112,0.0000000,70,0.32144223582193931499,0.00000082214769357715,
Fracture_246, 0.0000000, 0.8192335,0.5734601,0.0000000,  2.2659176,0.0000000,70,0.33134992405119662040,0.00000183816732668597,
Fracture_247, 0.0000000,-0.9250655,0.3798075,0.0000000,  2.3033708,0.0000000,70,0.20822508075093862367,0.00000001659458188950,
Fracture_248, 0.0000000, 0.9792550,0.2026317,0.0000000,  2.3408240,0.0000000,70,0.42313344656438789393,0.00000408871109797651,
Fracture_249, 0.0000000, 0.8600288,0.5102455,0.0000000,  2.3782772,0.0000000,70,0.35167002441615158315,0.00000229049589284499,
Fracture_250,-0.0000000, 0.7769745,0.6295321,0.0000000,  2.4157303,0.0000000,70,0.37449762511605289017,0.00000097010603843372,
Fracture_251, 0.0000000, 0.9950728,0.0991473,0.0000000,  2.5280899,0.0000000,70,0.47180829010635960685,0.00000397585738056813,
Fracture_252, 0.0000000,-0.9995557,0.0298045,0.0000000,  2.6029963,0.0000000,70,0.18370873452979552543,0.00000169425604133422,
Fracture_253, 0.0000000,-0.8089540,0.5878720,0.0000000,  2.6404494,0.0000000,70,0.26841634506090616963,0.00000048518293535730,
Fracture_254,-0.0000000,-0.8895286,0.4568794,0.0000000,  2.6779026,0.0000000,70,0.27402762153243120924,0.00000450882104215758,
Fracture_255,-0.0000000,-0.9950445,0.0994310,0.0000000,  2.7153558,0.0000000,70,0.17419755256601324178,0.00000392703203220871,
Fracture_256,-0.0000000, 0.9117992,0.4106364,0.0000000,  2.7528090,0.0000000,70,0.39443660860916252009,0.00000497405241259706,
Fracture_257, 0.0000000,-0.9948147,0.1017038,0.0000000,  2.7902622,0.0000000,70,0.20412718173443855640,0.00000467153621733177,
Fracture_258, 0.0000000, 0.7837212,0.6211128,0.0000000,  2.8277154,0.0000000,70,0.46276569972400938280,0.00000277078776921175,
Fracture_259, 0.0000000,-0.8337783,0.5520994,0.0000000,  2.8651685,0.0000000,70,0.26954157308790693826,0.00000129135602234969,
Fracture_260, 0.0000000,-0.9244919,0.3812017,0.0000000,  2.9026217,0.0000000,70,0.17989730605161399768,0.00000251440304488669,
Fracture_261, 0.0000000, 0.9181661,0.3961957,0.0000000,  2.9775281,0.0000000,70,0.25153885055948566052,0.00000232315169505987,
Fracture_262,-0.0000000, 0.8739898,0.4859443,0.0000000,  3.0524345,0.0000000,70,0.31743270317256305768,0.00000080244640505237,
Fracture_263, 0.0000000,-0.9389784,0.3439760,0.0000000,  3.0898876,0.0000000,70,0.41717874463942061780,0.00000447651709699398,
Fracture_264, 0.0000000,-0.7943387,0.6074751,0.0000000,  3.1273408,0.0000000,70,0.37792715247317576477,0.00000119888110715790,
Fracture_265, 0.0000000,-0.8914976,0.4530254,0.0000000,  3.1647940,0.0000000,70,0.31652125697170985230,0.00000342387750864469,
Fracture_266, 0.0000000,-0.8841939,0.4671201,0.0000000,  3.2022472,0.0000000,70,0.28590458102778126825,0.00000280193677343189,
Fracture_267,-0.0000000,-0.8804403,0.4741570,0.0000000,  3.2397004,0.0000000,70,0.31247302363024442862,0.00000438896881949723,
Fracture_268, 0.0000000,-0.9713316,0.2377288,0.0000000,  3.3146067,0.0000000,70,0.20522601372951357335,0.00000169024578674792,
Fracture_269,-0.0000000,-0.9942017,0.1075317,0.0000000,  3.3520599,0.0000000,70,0.27115582088910594738,0.00000042704083318551,
Fracture_270,-0.0000000,-0.8130525,0.5821904,0.0000000,  3.3895131,0.0000000,70,0.33188692125902174990,0.00000366235366561126,
Fracture_271,-0.0000000, 0.9597848,0.2807367,0.0000000,  3.4644195,0.0000000,70,0.40883827242414372272,0.00000002521123835600,
Fracture_272,-0.0000000,-0.9834538,0.1811589,0.0000000,  3.5018727,0.0000000,70,0.22229768754393641750,0.00000169772678411855,
Fracture_273,-0.0000000, 0.9391781,0.3434306,0.0000000,  3.5767790,0.0000000,70,0.15371813995906458139,0.00000219966185115674,
Fracture_274,-0.0000000, 0.9568745,0.2905015,0.0000000,  3.6516854,0.0000000,70,0.44787795378923656031,0.00000087111140751353,
Fracture_275, 0.0000000,-0.8157407,0.5784178,0.0000000,  3.6891386,0.0000000,70,0.45710002614646094710,0.00000224576863086067,
Fracture_276,-0.0000000,-0.8259158,0.5637934,0.0000000,  3.7265918,0.0000000,70,0.46796121347723051986,0.00000397997274083153,
Fracture_277, 0.0000000,-0.8161434,0.5778494,0.0000000,  3.7640449,0.0000000,70,0.24620007029876284088,0.00000043986066737803,
Fracture_278, 0.0000000,-0.9979482,0.0640264,0.0000000,  3.8764045,0.0000000,70,0.23628209360011795392,0.00000207134242385694,
Fracture_279,-0.0000000, 0.8920087,0.4520183,0.0000000,  3.9138577,0.0000000,70,0.46835141901290466837,0.00000290031913739522,
Fracture_280,-0.0000000,-0.8945244,0.4470190,0.0000000,  3.9513109,0.0000000,70,0.49884358371379600161,0.00000453675474785780,
Fracture_281,-0.0000000, 0.8868277,0.4621002,0.0000000,  3.9887640,0.0000000,70,0.48368541044806989682,0.00000005182936902207,
Fracture_282,-0.0000000,-0.9340545,0.3571306,0.0000000,  4.0262172,0.0000000,70,0.14042304645920494766,0.00000384448267230706,
Fracture_283, 0.0000000, 0.9999397,0.0109834,0.0000000,  4.0636704,0.0000000,70,0.24924773499528751763,0.00000316431184749691,
Fracture_284,-0.0000000, 0.8889151,0.4580720,0.0000000,  4.1011236,0.0000000,70,0.34530316480598566287,0.00000378433040972231,
Fracture_285, 0.0000000,-0.9988402,0.0481484,0.0000000,  4.1385768,0.0000000,70,0.40379847887596165279,0.00000359479108278380,
Fracture_286,-0.0000000,-0.9492271,0.3145917,0.0000000,  4.1760300,0.0000000,70,0.35158318943603084072,0.00000339598507119203,
Fracture_287,-0.0000000, 0.9075798,0.4198797,0.0000000,  4.2509363,0.0000000,70,0.46496607251364274749,0.00000247610284684399,
Fracture_288, 0.0000000, 0.9425384,0.3340979,0.0000000,  4.2883895,0.0000000,70,0.11345970413689637768,0.00000373591197716842,
Fracture_289,-0.0000000,-0.8921397,0.4517597,0.0000000,  4.3258427,0.0000000,70,0.44093013826880322892,0.00000388094857591423,
Fracture_290,-0.0000000,-0.9706143,0.2406406,0.0000000,  4.4007491,0.0000000,70,0.10330989366974577259,0.00000108793582352689,
Fracture_291, 0.0000000, 0.8532950,0.5214285,0.0000000,  4.4382022,0.0000000,70,0.11751922510639811748,0.00000303754522935892,
Fracture_292, 0.0000000, 0.9995057,0.0314389,0.0000000,  4.5505618,0.0000000,70,0.18001270673379365928,0.00000388876030950076,
Fracture_293,-0.0000000, 0.8976114,0.4407877,0.0000000,  4.5880150,0.0000000,70,0.43117749101701841052,0.00000243202260521522,
Fracture_294, 0.0000000,-0.9753595,0.2206217,0.0000000,  4.6254682,0.0000000,70,0.24738662890550836004,0.00000471933417004456,
Fracture_295,-0.0000000, 0.9228446,0.3851725,0.0000000,  4.6629213,0.0000000,70,0.28528492353820267269,0.00000287064344461152,
Fracture_296, 0.0000000,-0.8898830,0.4561888,0.0000000,  4.7752809,0.0000000,70,0.12016794482811717082,0.00000016117993344661,
Fracture_297, 0.0000000,-0.9836841,0.1799045,0.0000000,  4.8876404,0.0000000,70,0.23099594918550403477,0.00000357588227173082,
Fracture_298, 0.0000000, 0.9679576,0.2511137,0.0000000,  4.9625468,0.0000000,70,0.13755132378359530287,0.00000345603638364310,
Fracture_299, 0.0000000,-0.9252729,0.3793021,0.0000000,  5.0374532,0.0000000,70,0.27403939302152935387,0.00000441335753616544,
Fracture_300, 0.0000000,-0.8674226,0.4975722,0.0000000,  5.0749064,0.0000000,70,0.47094703375860158534,0.00000095731021154904,
Fracture_301,-0.0000000,-0.8928380,0.4503779,0.0000000,  5.1123596,0.0000000,70,0.39839447903201796741,0.00000452626116327693,
Fracture_302,-0.0000000, 0.9647511,0.2631640,0.0000000,  5.1498127,0.0000000,70,0.28856284908979390469,0.00000033885537194591,
Fracture_303, 0.0000000,-0.8803774,0.4742738,0.0000000,  5.1872659,0.0000000,70,0.19351822368819565634,0.00000037435774272968,
Fracture_304, 0.0000000, 0.9875480,0.1573177,0.0000000,  5.2621723,0.0000000,70,0.27228116405834712488,0.00000208679725016732,
Fracture_305, 0.0000000, 0.9892351,0.1463347,0.0000000,  5.2996255,0.0000000,70,0.34252698490102223561,0.00000349019961523172,
Fracture_306, 0.0000000, 0.9771148,0.2127124,0.0000000,  5.3745318,0.0000000,70,0.27035689552282016201,0.00000042812241874870,
Fracture_307,-0.0000000,-0.9478457,0.3187295,0.0000000,  5.4119850,0.0000000,70,0.20196318373622498821,0.00000056381785832876,
Fracture_308, 0.0000000,-0.9439364,0.3301274,0.0000000,  5.4494382,0.0000000,70,0.30415867602867385777,0.00000423087471928087,
Fracture_309, 0.0000000,-0.9890030,0.1478953,0.0000000,  5.4868914,0.0000000,70,0.44122177344324198245,0.00000191998019376247,
Fracture_310,-0.0000000,-0.8963198,0.4434081,0.0000000,  5.5243446,0.0000000,70,0.45270313644404158726,0.00000135743840159276,
Fracture_311,-0.0000000, 0.9663586,0.2571984,0.0000000,  5.5617978,0.0000000,70,0.37055851857614408029,0.00000242485680670764,
Fracture_312, 0.0000000,-0.8923715,0.4513016,0.0000000,  5.6367041,0.0000000,70,0.36580650389291402558,0.00000379705666628502,
Fracture_313, 0.0000000, 0.9926219,0.1212510,0.0000000,  5.6741573,0.0000000,70,0.48200414980928030229,0.00000184697250898411,
Fracture_314,-0.0000000,-0.9463092,0.3232628,0.0000000,  5.7116105,0.0000000,70,0.28319902233444299577,0.00000277739471163611,
Fracture_315, 0.0000000, 0.9962919,0.0860377,0.0000000,  5.7490637,0.0000000,70,0.42794913751221486109,0.00000052230117372996,
Fracture_316, 0.0000000,-0.9932079,0.1163532,0.0000000,  5.7865169,0.0000000,70,0.30150902461201800620,0.00000490943226348228,
Fracture_317,-0.0000000, 0.8645211,0.5025965,0.0000000,  5.8239700,0.0000000,70,0.48793417509187142489,0.00000375866822901044,
Fracture_318,-0.0000000, 0.9292118,0.3695477,0.0000000,  5.8614232,0.0000000,70,0.29514643066321011311,0.00000032245342076397,
Fracture_319,-0.0000000,-0.8838303,0.4678077,0.0000000,  5.8988764,0.0000000,70,0.38645661884594928459,0.00000493455715285721,
Fracture_320, 0.0000000, 0.9384941,0.3452952,0.0000000,  5.9737828,0.0000000,70,0.13175346884843289197,0.00000211932413523987,
Fracture_321, 0.0000000, 0.9837700,0.1794342,0.0000000,  6.0861423,0.0000000,70,0.27267873695688504831,0.00000014571191066449,
Fracture_322,-0.0000000,-0.9888818,0.1487036,0.0000000,  6.1235955,0.0000000,70,0.39091536407988769497,0.00000048378982146951,
Fracture_323,-0.0000000, 0.9590021,0.2833989,0.0000000,  6.1610487,0.0000000,70,0.23757506206378181668,0.00000164898372024374,
Fracture_324, 0.0000000, 0.9987673,0.0496373,0.0000000,  6.2359551,0.0000000,70,0.38419171789321870936,0.00000335457119352980,
Fracture_325, 0.0000000,-0.9807841,0.1950962,0.0000000,  6.3483146,0.0000000,70,0.29236285552923191311,0.00000447679921815064,
Fracture_326,-0.0000000,-0.9330146,0.3598386,0.0000000,  6.3857678,0.0000000,70,0.10740091183637795469,0.00000441134597679391,
Fracture_327, 0.0000000, 0.8939504,0.4481659,0.0000000,  6.4232210,0.0000000,70,0.17542041076981063075,0.00000436813421099331,
Fracture_328, 0.0000000,-0.9635955,0.2673643,0.0000000,  6.4606742,0.0000000,70,0.27652232116334968248,0.00000306050184101215,
Fracture_329, 0.0000000,-0.9866927,0.1625964,0.0000000,  6.4981273,0.0000000,70,0.46250188441396178352,0.00000238068045031843,
Fracture_330, 0.0000000, 0.9723000,0.2337365,0.0000000,  6.5355805,0.0000000,70,0.47583998595611831650,0.00000018374461313815,
Fracture_331, 0.0000000,-0.9700577,0.2428747,0.0000000,  6.5730337,0.0000000,70,0.32532339643816210462,0.00000070075862262045,
Fracture_332, 0.0000000,-0.8989647,0.4380212,0.0000000,  6.6853933,0.0000000,70,0.34451902732866102053,0.00000422151156481052,
Fracture_333, 0.0000000,-0.9518190,0.3066604,0.0000000,  6.7977528,0.0000000,70,0.45651590825779186922,0.00000010605458273041,
Fracture_334, 0.0000000,-0.9658667,0.2590398,0.0000000,  6.8352060,0.0000000,70,0.30239297674151432993,0.00000104376348079758,
Fracture_335, 0.0000000, 0.9395885,0.3423060,0.0000000,  6.8726592,0.0000000,70,0.18603079903195351985,0.00000327388637279665,
Fracture_336, 0.0000000, 0.9314520,0.3638641,0.0000000,  6.9101124,0.0000000,70,0.38093325445634251825,0.00000081047742829136,
Fracture_337, 0.0000000, 0.8872878,0.4612161,0.0000000,  6.9475655,0.0000000,70,0.42264943881811245507,0.00000406730680708817,
Fracture_338, 0.0000000, 0.9751448,0.2215686,0.0000000,  7.0224719,0.0000000,70,0.36844998161696640437,0.00000392435397084987,
Fracture_339, 0.0000000,-0.9988242,0.0484781,0.0000000,  7.0973783,0.0000000,70,0.31194159235524643314,0.00000189599490469030,
Fracture_340, 0.0000000,-0.9298268,0.3679975,0.0000000,  7.2097378,0.0000000,70,0.46523389634067868759,0.00000038582508356780,
Fracture_341, 0.0000000, 0.9991551,0.0410981,0.0000000,  7.2846442,0.0000000,70,0.22118691027804182614,0.00000359061204620083,
Fracture_342, 0.0000000, 0.9640639,0.2656706,0.0000000,  7.3595506,0.0000000,70,0.22231148074156209526,0.00000219611980103779,
Fracture_343, 0.0000000, 0.9525916,0.3042518,0.0000000,  7.4719101,0.0000000,70,0.30784195485880427867,0.00000470298991216073,
Fracture_344, 0.0000000, 0.9749429,0.2224551,0.0000000,  7.5093633,0.0000000,70,0.25194088574372175415,0.00000272853210732245,
Fracture_345, 0.0000000,-0.9671526,0.2541963,0.0000000,  7.5468165,0.0000000,70,0.26735122501765173908,0.00000342882880444450,
Fracture_346, 0.0000000, 0.9782964,0.2072103,0.0000000,  7.5842697,0.0000000,70,0.38258236813702839463,0.00000096913519682467,
Fracture_347,-0.0000000,-0.9168614,0.3992056,0.0000000,  7.8089888,0.0000000,70,0.28788274422008841569,0.00000342063805601405,
Fracture_348, 0.0000000,-0.9218673,0.3875056,0.0000000,  7.8464419,0.0000000,70,0.47551359861859765488,0.00000493951444677684,
Fracture_349,-0.0000000,-0.9856938,0.1685461,0.0000000,  8.0337079,0.0000000,70,0.40345383606530060838,0.00000038268269283928,
Fracture_350,-0.0000000,-0.9145050,0.4045747,0.0000000,  8.1086142,0.0000000,70,0.29671916030253642216,0.00000257175477929556,
Fracture_351,-0.0000000, 0.9679903,0.2509875,0.0000000,  8.3707865,0.0000000,70,0.12351496952622774417,0.00000032557060248230,
Fracture_352, 0.0000000, 0.9787284,0.2051601,0.0000000,  8.4831461,0.0000000,70,0.48553778703149164109,0.00000338819122421790,
Fracture_353, 0.0000000,-0.9228434,0.3851755,0.0000000,  8.5205993,0.0000000,70,0.29682592458643253241,0.00000174454278474035,
Fracture_354,-0.0000000,-0.9370278,0.3492547,0.0000000,  8.5955056,0.0000000,70,0.29989250270659711939,0.00000317916757159814,
Fracture_355, 0.0000000, 0.9886413,0.1502946,0.0000000,  8.7078652,0.0000000,70,0.33197535554591062201,0.00000183095433970402,
Fracture_356, 0.0000000,-0.9708499,0.2396884,0.0000000,  8.8951311,0.0000000,70,0.22782497512123001115,0.00000050305074780921,
Fracture_357, 0.0000000,-0.9698509,0.2436991,0.0000000,  8.9700375,0.0000000,70,0.22655268148814650120,0.00000108301998759125,
Fracture_358,-0.0000000,-0.9985691,0.0534758,0.0000000,  9.0074906,0.0000000,70,0.19049862628619856908,0.00000486359845977001,
Fracture_359, 0.0000000, 0.9784144,0.2066525,0.0000000,  9.0449438,0.0000000,70,0.15867434390064613647,0.00000318542498864084,
Fracture_360, 0.0000000, 0.9666787,0.2559928,0.0000000,  9.1573034,0.0000000,70,0.31402257755764917402,0.00000138049840527601,
Fracture_361, 0.0000000, 0.9989451,0.0459196,0.0000000,  9.1947566,0.0000000,70,0.39121771040572983491,0.00000130879858716607,
Fracture_362, 0.0000000, 0.9926237,0.1212359,0.0000000,  9.2322097,0.0000000,70,0.32332686909705976586,0.00000253182005654292,
Fracture_363, 0.0000000, 0.9790097,0.2038135,0.0000000,  9.2696629,0.0000000,70,0.14364120452166853625,0.00000284290954856362,
Fracture_364,-0.0000000, 0.9708363,0.2397435,0.0000000,  9.4569288,0.0000000,70,0.45541115498139717044,0.00000361840347405353,
Fracture_365, 0.0000000,-0.9487211,0.3161144,0.0000000,  9.5318352,0.0000000,70,0.17631472273680490193,0.00000124423498321452,
Fracture_366, 0.0000000, 0.9990287,0.0440653,0.0000000,  9.6067416,0.0000000,70,0.42057411636805153154,0.00000480762990147421,
Fracture_367, 0.0000000,-0.9986755,0.0514506,0.0000000,  9.7191011,0.0000000,70,0.32657752269732376327,0.00000089741843419627,
Fracture_368, 0.0000000,-0.9668117,0.2554898,0.0000000,  9.8689139,0.0000000,70,0.19768705929389662757,0.00000342210305103942,
Fracture_369, 0.0000000, 0.9992625,0.0383991,0.0000000,  9.9812734,0.0000000,70,0.23386573981057878768,0.00000374790097764929,
Fracture_370, 0.0000000,-0.9990882,0.0426932,0.0000000, 10.0561798,0.0000000,70,0.37911476006419952967,0.00000085079774539066,
Fracture_371,-0.0000000, 0.9598517,0.2805079,0.0000000, 10.2059925,0.0000000,70,0.42958433458373135316,0.00000455549503996092,
Fracture_372, 0.0000000, 0.9889043,0.1485537,0.0000000, 10.2808989,0.0000000,70,0.21028846598933342849,0.00000123275367471985,
Fracture_373, 0.0000000, 0.9781420,0.2079378,0.0000000, 10.4307116,0.0000000,70,0.28677291111855685024,0.00000279177523836769,
Fracture_374, 0.0000000,-0.9838393,0.1790536,0.0000000, 10.5805243,0.0000000,70,0.12660353994547493550,0.00000049126744159418,
Fracture_375, 0.0000000, 0.9999350,0.0114047,0.0000000, 10.6179775,0.0000000,70,0.23352729483660669696,0.00000066759965955647,
Fracture_376,-0.0000000,-0.9709170,0.2394162,0.0000000, 10.7677903,0.0000000,70,0.40725587693095066655,0.00000330994426753248,
Fracture_377, 0.0000000, 0.9998630,0.0165497,0.0000000, 10.8426966,0.0000000,70,0.25379808681209448107,0.00000492166517968926,
Fracture_378, 0.0000000,-0.9998276,0.0185666,0.0000000, 11.0674157,0.0000000,70,0.35851297310579455235,0.00000048053184474156,
Fracture_379,-0.0000000,-0.9835884,0.1804270,0.0000000, 11.1423221,0.0000000,70,0.21810990137522351384,0.00000369387028805955,
Fracture_380,-0.0000000, 0.9913249,0.1314344,0.0000000, 11.2172285,0.0000000,70,0.27057426753084101723,0.00000218974268572468,
Fracture_381, 0.0000000, 0.9981313,0.0611051,0.0000000, 11.5917603,0.0000000,70,0.34205884877101550012,0.00000442373517187502,
Fracture_382, 0.0000000, 0.9972710,0.0738272,0.0000000, 11.9288390,0.0000000,70,0.47021159736006756802,0.00000176978288591713,
Fracture_383, 0.0000000, 0.9852555,0.1710893,0.0000000, 12.0411985,0.0000000,70,0.49475681572662721930,0.00000248483420566109,
Fracture_384, 0.0000000,-0.9838521,0.1789832,0.0000000, 12.1535581,0.0000000,70,0.40821647891042001088,0.00000146272317476340,
Fracture_385, 0.0000000, 0.9858532,0.1676111,0.0000000, 12.1910112,0.0000000,70,0.32007665173162652694,0.00000484600932503413,
Fracture_386, 0.0000000, 0.9980404,0.0625723,0.0000000, 12.9775281,0.0000000,70,0.25463480000417371141,0.00000391705678765855,
Fracture_387,-0.0000000,-0.9986100,0.0527069,0.0000000, 13.4269663,0.0000000,70,0.12829110235711202459,0.00000244072515808339,
Fracture_388, 0.0000000, 0.9997259,0.0234128,0.0000000, 13.4644195,0.0000000,70,0.41837011133482282510,0.00000119625110575696,
Fracture_389, 0.0000000, 0.9995803,0.0289677,0.0000000, 13.6142322,0.0000000,70,0.10534183376395184206,0.00000295668493239335,
Fracture_390, 0.0000000, 0.9999546,0.0095306,0.0000000, 13.9138577,0.0000000,70,0.29271315701069444692,0.00000492513751237224,
Fracture_391, 0.0000000, 0.9996661,0.0258390,0.0000000, 14.1760300,0.0000000,70,0.12415163060546802187,0.00000298252850757929,
Fracture_392, 0.0000000, 0.9994139,0.0342335,0.0000000, 14.2509363,0.0000000,70,0.11955068233835360048,0.00000197930276749402,